Text,Entity
Bible,Aaron
Bible,Aaronites
Bible,Abaddon
Bible,Abagtha
Bible,Abana
Bible,Abarim
Bible,Abba
Bible,Abda
Bible,Abdeel
Bible,Abdi
Bible,Abdiel
Bible,Abdon
Bible,Abednego
Bible,Abel
Bible,Abelbethmaachah
Bible,Abelmaim
Bible,Abelmeholah
Bible,Abelmizraim
Bible,Abelshittim
Bible,Abez
Bible,Abhor
Bible,Abi
Bible,Abia
Bible,Abiah
Bible,Abiah Hezron
Bible,Abiasaph
Bible,Abiathar
Bible,Abib
Bible,Abida
Bible,Abidah
Bible,Abidan
Bible,Abide
Bible,Abiel
Bible,Abiezer
Bible,Abiezrite
Bible,Abiezrites
Bible,Abigail
Bible,Abigail Nabal
Bible,Abihail
Bible,Abihu
Bible,Abihud
Bible,Abijah
Bible,Abijam
Bible,Abilene
Bible,Abimael
Bible,Abimelech
Bible,Abinadab
Bible,Abinoam
Bible,Abiram
Bible,Abishag
Bible,Abishai
Bible,Abishalom
Bible,Abishua
Bible,Abishur
Bible,Abital
Bible,Abitub
Bible,Abiud
Bible,Abner
Bible,Abraham
Bible,Abram
Bible,Absalom
Bible,Accad
Bible,Accho
Bible,Aceldama
Bible,Achaia
Bible,Achaicus
Bible,Achan
Bible,Achar
Bible,Achaz
Bible,Achbor
Bible,Achim
Bible,Achish
Bible,Achmetha
Bible,Achor
Bible,Achsa
Bible,Achsah
Bible,Achshaph
Bible,Achzib
Bible,Acts
Bible,Adadah
Bible,Adah
Bible,Adah Esau
Bible,Adaiah
Bible,Adalia
Bible,Adam
Bible,Adamah
Bible,Adami
Bible,Adar
Bible,Adbeel
Bible,Addan
Bible,Addar
Bible,Addi
Bible,Addon
Bible,Ader
Bible,Adiel
Bible,Adin
Bible,Adithaim
Bible,Adlai
Bible,Admah
Bible,Admatha
Bible,Adna
Bible,Adnah
Bible,Adonibezek
Bible,Adonijah
Bible,Adonikam
Bible,Adoniram
Bible,Adonizedec
Bible,Adoraim
Bible,Adoram
Bible,Adrammelech
Bible,Adramyttium
Bible,Adria
Bible,Adullam
Bible,Adullamite
Bible,Adultery
Bible,Adummim
Bible,Aeneas
Bible,Aenon
Bible,Afterward
Bible,Afterward Jesus
Bible,Agabus
Bible,Agag
Bible,Agagite
Bible,Agar
Bible,Agrippa
Bible,Lord
Bible,Ahab
Bible,Ahasai
Bible,Ahasbai
Bible,Ahasuerus
Bible,Ahava
Bible,Ahaz
Bible,Ahaziah
Bible,Ahban
Bible,Aher
Bible,Ahi
Bible,Ahiah
Bible,Ahiam
Bible,Ahian
Bible,Ahiezer
Bible,Ahihud
Bible,Ahijah
Bible,Ahikam
Bible,Ahilud
Bible,Ahimaaz
Bible,Ahimaaz Zadok
Bible,Ahiman
Bible,Ahimelech
Bible,Ahimoth
Bible,Ahinoam
Bible,Ahio
Bible,Ahiram
Bible,Ahisamach
Bible,Ahishahar
Bible,Ahishar
Bible,Ahithophel
Bible,Ahitub
Bible,Ahlab
Bible,Ahlai
Bible,Ahoah
Bible,Ahohite
Bible,Aholah
Bible,Aholiab
Bible,Aholibah
Bible,Aholibamah
Bible,Aholibamah Esau
Bible,Ahumai
Bible,Ahuzam
Bible,Aiah
Bible,Aiath
Bible,Aija
Bible,Aijalon
Bible,Ain
Bible,Ajalon
Bible,Akan
Bible,Akkub
Bible,Akrabbim
Bible,Alameth
Bible,Alammelech
Bible,Alamoth
Bible,Alas
Bible,Alemeth
Bible,Alexander
Bible,Alexandria
Bible,Alexandrians
Bible,Aliah
Bible,Alian
Bible,Alleluia
Bible,Allon
Bible,Allonbachuth
Bible,Almighty
Bible,Almighty God
Bible,Almodad
Bible,Almon
Bible,Almondiblathaim
Bible,Almost
Bible,Aloth
Bible,Alpha
Bible,Alphaeus
Bible,Alush
Bible,Alvah
Bible,Alvan
Bible,Amad
Bible,Amal
Bible,Amalek
Bible,Amalekite
Bible,Amalekites
Bible,Amana
Bible,Amariah
Bible,Amasa
Bible,Amasai
Bible,Amaziah
Bible,Amen
Bible,Amend
Bible,Ami
Bible,Aminadab
Bible,Amittai
Bible,Ammah
Bible,Ammi
Bible,Ammiel
Bible,Ammihud
Bible,Amminadab
Bible,Amminadib
Bible,Ammishaddai
Bible,Ammon
Bible,Ammonite
Bible,Ammonites
Bible,Ammonitess
Bible,Amnon
Bible,Amok
Bible,Amon
Bible,Amorite
Bible,Amorites
Bible,Amos
Bible,Amoz
Bible,Amphipolis
Bible,Amram
Bible,Amram Aaron
Bible,Amramites
Bible,Amraphel
Bible,Amzi
Bible,Anab
Bible,Anah
Bible,Anaharath
Bible,Anaiah
Bible,Anak
Bible,Anakims
Bible,Anamim
Bible,Anammelech
Bible,Anan
Bible,Anani
Bible,Ananiah
Bible,Ananias
Bible,Anath
Bible,Anathema Maranatha
Bible,Anathoth
Bible,Ancient
Bible,Andrew
Bible,Anem
Bible,Aner
Bible,Anethothite
Bible,Anetothite
Bible,Angel
Bible,Aniam
Bible,Anim
Bible,Anna
Bible,Annas
Bible,Antioch
Bible,Antipas
Bible,Antipatris
Bible,Antothijah
Bible,Antothite
Bible,Anub
Bible,Apharsachites
Bible,Apharsathchites
Bible,Apharsites
Bible,Aphek
Bible,Aphekah
Bible,Aphiah
Bible,Aphik
Bible,Aphrah
Bible,Aphses
Bible,Apollonia
Bible,Apollos
Bible,Apostle
Bible,Appaim
Bible,Apphia
Bible,Appii
Bible,Appoint
Bible,Aquila
Bible,Ar
Bible,Ara
Bible,Arab
Bible,Arabah
Bible,Arabia
Bible,Arabian
Bible,Arabians
Bible,Arad
Bible,Arah
Bible,Aram
Bible,Aramitess
Bible,Aran
Bible,Ararat
Bible,Araunah
Bible,Arba
Bible,Arbah
Bible,Arbathite
Bible,Arbite
Bible,Archelaus
Bible,Archevites
Bible,Archi
Bible,Archippus
Bible,Archite
Bible,Arcturus
Bible,Ard
Bible,Ardon
Bible,Areli
Bible,Arelites
Bible,Areopagite
Bible,Argob
Bible,Aridai
Bible,Aridatha
Bible,Arieh
Bible,Ariel
Bible,Arimathaea
Bible,Arioch
Bible,Arisai
Bible,Arise
Bible,Aristarchus
Bible,Aristobulus
Bible,Arkite
Bible,Armageddon
Bible,Armenia
Bible,Armoni
Bible,Arnan
Bible,Arnon
Bible,Arod
Bible,Arodi
Bible,Aroer
Bible,Aroerite
Bible,Arpad
Bible,Arphad
Bible,Arphaxad
Bible,Artaxerxes
Bible,Artemas
Bible,Aruboth
Bible,Arumah
Bible,Arvad
Bible,Arvadite
Bible,Arza
Bible,Asa
Bible,Asa Baasha
Bible,Asahel
Bible,Asahiah
Bible,Asaiah
Bible,Asaph
Bible,Asareel
Bible,Asarelah
Bible,Aser
Bible,Ashan
Bible,Ashbea
Bible,Ashbel
Bible,Ashchenaz
Bible,Ashdod
Bible,Ashdodites
Bible,Ashdothites
Bible,Ashdothpisgah
Bible,Asher
Bible,Asher Bethshean
Bible,Asherites
Bible,Ashima
Bible,Ashkelon
Bible,Ashkenaz
Bible,Ashnah
Bible,Ashriel
Bible,Ashtaroth
Bible,Ashterathite
Bible,Ashteroth Karnaim
Bible,Ashurites
Bible,Ashvath
Bible,Asia
Bible,Asiel
Bible,Askelon
Bible,Asnah
Bible,Asnapper
Bible,Aspatha
Bible,Asriel
Bible,Asshur
Bible,Asshurim
Bible,Assir
Bible,Assos
Bible,Assur
Bible,Assyria
Bible,Assyrian
Bible,Astaroth
Bible,Asuppim
Bible,Atad
Bible,Atarah
Bible,Ataroth
Bible,Atarothadar
Bible,Atarothaddar
Bible,Ater
Bible,Athach
Bible,Athaliah
Bible,Athenians
Bible,Athens
Bible,Athlai
Bible,Atroth
Bible,Attai
Bible,Attalia
Bible,Augustus
Bible,Ava
Bible,Aven
Bible,Avim
Bible,Avites
Bible,Avith
Bible,Azaliah
Bible,Azaniah
Bible,Azarael
Bible,Azareel
Bible,Azariah
Bible,Azaz
Bible,Azaziah
Bible,Azbuk
Bible,Azekah
Bible,Azel
Bible,Azem
Bible,Azgad
Bible,Aziel
Bible,Aziza
Bible,Azmaveth
Bible,Azmon
Bible,Aznothtabor
Bible,Azor
Bible,Azotus
Bible,Azriel
Bible,Azrikam
Bible,Azubah
Bible,Azur
Bible,Azzah
Bible,Azzan
Bible,Azzur
Bible,Babylon
Bible,Baal
Bible,Baalah
Bible,Baalath
Bible,Baalathbeer
Bible,Baalberith
Bible,Baale
Bible,Baalgad
Bible,Baalhamon
Bible,Baalhanan
Bible,Baalhazor
Bible,Baalhermon
Bible,Baali
Bible,Baalim
Bible,Baalmeon
Bible,Baalpeor
Bible,Baalperazim
Bible,Baalshalisha
Bible,Baaltamar
Bible,Baalzephon
Bible,Baana
Bible,Baanah
Bible,Baara
Bible,Baaseiah
Bible,Baasha
Bible,Babel
Bible,Babylon
Bible,Babylon Daniel
Bible,Babylonians
Bible,Babylonish
Bible,Baca
Bible,Baharumite
Bible,Bahurim
Bible,Bajith
Bible,Bakbakkar
Bible,Bakbuk
Bible,Bakbukiah
Bible,Balaam
Bible,Balac
Bible,Baladan
Bible,Balah
Bible,Balak
Bible,Bamah
Bible,Bamoth
Bible,Bamothbaal
Bible,Bani
Bible,Baptist
Bible,Barabbas
Bible,Barachel
Bible,Barachias
Bible,Barak
Bible,Barbarian
Bible,Barhumite
Bible,Bariah
Bible,Barjesus
Bible,Barkos
Bible,Barley
Bible,Barnabas
Bible,Barsabas
Bible,Bartholomew
Bible,Bartimaeus
Bible,Baruch
Bible,Barzillai
Bible,Bashan
Bible,Bashanhavothjair
Bible,Bashemath
Bible,Bashemath Esau
Bible,Bashemath Ishmael
Bible,Bathrabbim
Bible,Bathsheba
Bible,Bazlith
Bible,Bazluth
Bible,Bealiah
Bible,Bealoth
Bible,Bebai
Bible,Becher
Bible,Bechorath
Bible,Bedad
Bible,Bedan
Bible,Bedeiah
Bible,Beeliada
Bible,Beelzebub
Bible,Beera
Bible,Beeri
Bible,Beerlahairoi
Bible,Beeroth
Bible,Beerothite
Bible,Beerothites
Bible,Beersheba
Bible,Beeshterah
Bible,Bel
Bible,Bela
Bible,Belah
Bible,Belial
Bible,Belshazzar
Bible,Belteshazzar
Bible,Ben
Bible,Benaiah
Bible,Benammi
Bible,Beneberak
Bible,Benejaakan
Bible,Benhadad
Bible,Benhail
Bible,Benhanan
Bible,Beninu
Bible,Benjamin
Bible,Benjamite
Bible,Benjamites
Bible,Beno
Bible,Benoni
Bible,Benzoheth
Bible,Beon
Bible,Beor
Bible,Bera
Bible,Berachah
Bible,Berachiah
Bible,Beraiah
Bible,Berea
Bible,Berechiah
Bible,Bered
Bible,Beri
Bible,Beriah
Bible,Beriites
Bible,Berith
Bible,Bernice
Bible,Berodachbaladan
Bible,Berothah
Bible,Berothai
Bible,Berothite
Bible,Besai
Bible,Besodeiah
Bible,Betah
Bible,Beten
Bible,Bethabara
Bible,Bethanath
Bible,Bethanoth
Bible,Bethany
Bible,Betharabah
Bible,Betharam
Bible,Betharbel
Bible,Bethaven
Bible,Bethazmaveth
Bible,Bethbaalmeon
Bible,Bethbarah
Bible,Bethbirei
Bible,Bethcar
Bible,Bethdagon
Bible,Bethdiblathaim
Bible,Bethel
Bible,Bethelite
Bible,Bethemek
Bible,Bether
Bible,Bethesda
Bible,Bethezel
Bible,Bethgader
Bible,Bethgamul
Bible,Bethhaccerem
Bible,Bethharan
Bible,Bethhogla
Bible,Bethhoglah
Bible,Bethhoron
Bible,Bethjeshimoth
Bible,Bethjesimoth
Bible,Bethlebaoth
Bible,Bethlehem
Bible,Bethlehem Ephratah
Bible,Bethlehemite
Bible,Bethlehemjudah
Bible,Bethmaachah
Bible,Bethmarcaboth
Bible,Bethmeon
Bible,Bethnimrah
Bible,Bethpalet
Bible,Bethpazzez
Bible,Bethpeor
Bible,Bethphage
Bible,Bethphelet
Bible,Bethrapha
Bible,Bethrehob
Bible,Bethsaida
Bible,Bethshan
Bible,Bethshean
Bible,Bethshemesh
Bible,Bethshemite
Bible,Bethshittah
Bible,Bethtappuah
Bible,Bethuel
Bible,Bethul
Bible,Bethzur
Bible,Betonim
Bible,Beulah
Bible,Beware
Bible,Bezai
Bible,Bezaleel
Bible,Bezek
Bible,Bezer
Bible,Bichri
Bible,Bigtha
Bible,Bigthan
Bible,Bigthana
Bible,Bigvai
Bible,Bildad
Bible,Bileam
Bible,Bilgah
Bible,Bilgai
Bible,Bilhah
Bible,Bilhah Rachel
Bible,Bilhan
Bible,Bilshan
Bible,Bimhal
Bible,Binea
Bible,Binnui
Bible,Birsha
Bible,Birzavith
Bible,Bishlam
Bible,Bishop
Bible,Bithynia
Bible,Bizjothjah
Bible,Biztha
Bible,Boanerges
Bible,Boaz
Bible,Bocheru
Bible,Bochim
Bible,Booz
Bible,Boscath
Bible,Bosor
Bible,Bozez
Bible,Bozkath
Bible,Bozrah
Bible,Bukki
Bible,Bukkiah
Bible,Bul
Bible,Bunah
Bible,Bunni
Bible,Buz
Bible,Buzi
Bible,Buzite
Bible,Cabbon
Bible,Cabul
Bible,Caesar
Bible,Caesar Augustus
Bible,Caesarea
Bible,Caesarea Philippi
Bible,Caiaphas
Bible,Cain
Bible,Cainan
Bible,Calah
Bible,Calcol
Bible,Caleb
Bible,Calebephratah
Bible,Calneh
Bible,Calno
Bible,Calvary
Bible,Camest
Bible,Camon
Bible,Cana
Bible,Canaan
Bible,Canaanite
Bible,Canaanites
Bible,Canaanitess
Bible,Canaanitish
Bible,Candace
Bible,Canneh
Bible,Capernaum
Bible,Caphthorim
Bible,Caphtor
Bible,Caphtorim
Bible,Caphtorims
Bible,Cappadocia
Bible,Carcas
Bible,Carchemish
Bible,Careah
Bible,Carmel
Bible,Carmelite
Bible,Carmelitess
Bible,Carmi
Bible,Carmites
Bible,Carpus
Bible,Carshena
Bible,Casiphia
Bible,Casluhim
Bible,Castor
Bible,Cedron
Bible,Cenchrea
Bible,Cephas
Bible,Chalcol
Bible,Chaldea
Bible,Chaldean
Bible,Chaldees
Bible,Chanaan
Bible,Charashim
Bible,Charran
Bible,Chebar
Bible,Chedorlaomer
Bible,Chelal
Bible,Chelluh
Bible,Chelub
Bible,Chelubai
Bible,Chemarims
Bible,Chemosh
Bible,Chenaanah
Bible,Chenani
Bible,Chenaniah
Bible,Chepharhaammonai
Bible,Chephirah
Bible,Cheran
Bible,Cherethims
Bible,Cherethites
Bible,Cherith
Bible,Cherub
Bible,Chesalon
Bible,Chesil
Bible,Chesulloth
Bible,Chezib
Bible,Chidon
Bible,Chileab
Bible,Chilion
Bible,Chilmad
Bible,Chimham
Bible,Chinnereth
Bible,Chinneroth
Bible,Chios
Bible,Chisleu
Bible,Chislon
Bible,Chislothtabor
Bible,Chittim
Bible,Chiun
Bible,Chloe
Bible,Choose
Bible,Chorashan
Bible,Chorazin
Bible,Chozeba
Bible,Christ
Bible,Christ Jesus
Bible,Christian
Bible,Chronicles
Bible,Chub
Bible,Chun
Bible,Chushanrishathaim
Bible,Chuza Herod
Bible,Cilicia
Bible,Cis
Bible,Clauda
Bible,Claudia
Bible,Claudius
Bible,Claudius Caesar
Bible,Claudius Lysias
Bible,Clement
Bible,Cleopas
Bible,Cleophas
Bible,Cnidus
Bible,Colhozeh
Bible,Colosse
Bible,Conaniah
Bible,Cononiah
Bible,Corban
Bible,Corinth
Bible,Cornelius
Bible,Cosam
Bible,Coz
Bible,Cozbi
Bible,Crescens
Bible,Crete
Bible,Crispus
Bible,Cush
Bible,Cushan
Bible,Cushi
Bible,Cuth
Bible,Cuthah
Bible,Cyprus
Bible,Cyrene
Bible,Cyrenian
Bible,Cyrenians
Bible,Cyrenius
Bible,Cyrus
Bible,Dabareh
Bible,Dabbasheth
Bible,Daberath
Bible,Dagon
Bible,Dalaiah
Bible,Dalmanutha
Bible,Dalmatia
Bible,Dalphon
Bible,Damaris
Bible,Damascenes
Bible,Damascus
Bible,Damsel
Bible,Dan
Bible,Danites
Bible,Danjaan
Bible,Dannah
Bible,Dara
Bible,Darda
Bible,Darius
Bible,Darkon
Bible,Dathan
Bible,David
Bible,Debir
Bible,Deborah
Bible,Deborah Rebekah
Bible,Decapolis
Bible,Declare
Bible,Dedan
Bible,Dedanim
Bible,Dehavites
Bible,Dekar
Bible,Delaiah
Bible,Delilah
Bible,Deliverer
Bible,Demas
Bible,Demetrius
Bible,Derbe
Bible,Deuel
Bible,Devil
Bible,Diana
Bible,Diblaim
Bible,Diblath
Bible,Dibon
Bible,Dibongad
Bible,Dibri
Bible,Didymus
Bible,Diklah
Bible,Dilean
Bible,Dimon
Bible,Dimonah
Bible,Dinah
Bible,Dinaites
Bible,Dinhabah
Bible,Diotrephes
Bible,Discern
Bible,Dishan
Bible,Dishon
Bible,Dizahab
Bible,Dodai
Bible,Dodanim
Bible,Dodavah
Bible,Dodo
Bible,Doeg
Bible,Dophkah
Bible,Dor
Bible,Dorcas
Bible,Dost
Bible,Dothan
Bible,Draw
Bible,Dread
Bible,Drusilla
Bible,Dumah
Bible,Dura
Bible,Dwell
Bible,Earth
Bible,Easter
Bible,Ebal
Bible,Ebed
Bible,Ebedmelech
Bible,Ebenezer
Bible,Eber
Bible,Ebiasaph
Bible,Ebronah
Bible,Edar
Bible,Eden
Bible,Eden Cherubims
Bible,Eder
Bible,Edom
Bible,Edomite
Bible,Edomites
Bible,Edrei
Bible,Eglah
Bible,Eglah David
Bible,Eglaim
Bible,Eglon
Bible,Egypt
Bible,Egyptian
Bible,Egyptians
Bible,Ehi
Bible,Ehud
Bible,Eker
Bible,Ekron
Bible,Ekronites
Bible,Eladah
Bible,Elah
Bible,Elam
Bible,Elamites
Bible,Elasah
Bible,Elath
Bible,Eldaah
Bible,Eldad
Bible,Elead
Bible,Elealeh
Bible,Eleasah
Bible,Eleazar
Bible,Eleazar Aaron
Bible,EleloheIsrael
Bible,Eleph
Bible,Elhanan
Bible,Eli
Bible,Eliab
Bible,Eliada
Bible,Eliadah
Bible,Eliah
Bible,Eliahba
Bible,Eliakim
Bible,Eliam
Bible,Elias
Bible,Eliashib
Bible,Eliathah
Bible,Elidad
Bible,Eliel
Bible,Elienai
Bible,Eliezer
Bible,Elihu
Bible,Elijah
Bible,Elika
Bible,Elim
Bible,Elimelech
Bible,Elimelech Naomi
Bible,Elioenai
Bible,Eliphal
Bible,Eliphalet
Bible,Eliphaz
Bible,Eliphaz Amalek
Bible,Eliphaz Esau
Bible,Elipheleh
Bible,Eliphelet
Bible,Elisabeth
Bible,Elisha
Bible,Elishah
Bible,Elishama
Bible,Elisheba
Bible,Elishua
Bible,Eliud
Bible,Elizaphan
Bible,Elizur
Bible,Elkanah
Bible,Elkoshite
Bible,Ellasar
Bible,Elmodam
Bible,Elnaam
Bible,Elnathan
Bible,Eloi
Bible,Elon
Bible,Elonbethhanan
Bible,Eloth
Bible,Elpaal
Bible,Elpalet
Bible,Elparan
Bible,Eltekeh
Bible,Eltekon
Bible,Eltolad
Bible,Elul
Bible,Eluzai
Bible,Elzabad
Bible,Elzaphan
Bible,Emims
Bible,Emmanuel
Bible,Emmaus
Bible,Enam
Bible,Enan
Bible,Endor
Bible,Eneglaim
Bible,Engannim
Bible,Engedi
Bible,Enhaddah
Bible,Enhakkore
Bible,Enhazor
Bible,Enmishpat
Bible,Enoch
Bible,Enos
Bible,Enosh
Bible,Enquire
Bible,Enrimmon
Bible,Enrogel
Bible,Enshemesh
Bible,Entappuah
Bible,Enter
Bible,Entice
Bible,Enviest
Bible,Epaphras
Bible,Ephah
Bible,Ephai
Bible,Epher
Bible,Ephesdammim
Bible,Ephesian
Bible,Ephesians
Bible,Ephesus
Bible,Ephlal
Bible,Ephod
Bible,Ephphatha
Bible,Ephraim
Bible,Ephraimite
Bible,Ephraimites
Bible,Ephratah
Bible,Ephrath
Bible,Ephrathite
Bible,Ephrathites
Bible,Ephron
Bible,Epistle
Bible,Er
Bible,Eran
Bible,Eranites
Bible,Erastus
Bible,Erech
Bible,Eri
Bible,Esaias
Bible,Esarhaddon
Bible,Esau
Bible,Esau Eliphaz
Bible,Esau Jacob
Bible,Esau Jeush
Bible,Escape
Bible,Esek
Bible,Eshbaal
Bible,Eshban
Bible,Eshcol
Bible,Eshean
Bible,Eshtaol
Bible,Eshtaulites
Bible,Eshtemoa
Bible,Eshtemoh
Bible,Eshton
Bible,Esli
Bible,Esrom
Bible,Esther
Bible,Etam
Bible,Etham
Bible,Ethan
Bible,Ethanim
Bible,Ethbaal
Bible,Ether
Bible,Ethiopia
Bible,Ethiopian
Bible,Ethiopians
Bible,Ethnan
Bible,Ethni
Bible,Eunice
Bible,Euodias
Bible,Euphrates
Bible,Euroclydon
Bible,Eutychus
Bible,Evi
Bible,Evilmerodach
Bible,Ezar
Bible,Ezbai
Bible,Ezbon
Bible,Ezekias
Bible,Ezekiel
Bible,Ezel
Bible,Ezem
Bible,Ezer
Bible,Eziongaber
Bible,Eziongeber
Bible,Eznite
Bible,Ezra
Bible,Ezrahite
Bible,Faithful
Bible,Fall
Bible,Father
Bible,Father Abraham
Bible,Felix
Bible,Festus
Bible,Fifth Book
Bible,Figs
Bible,Fill
Bible,First Book
Bible,First Epistle
Bible,Five
Bible,Flee
Bible,Follow
Bible,Foolishness
Bible,Forgive
Bible,Forsaken
Bible,Fortunatus
Bible,Forty
Bible,Fourth Book
Bible,Friend
Bible,Gaal
Bible,Gaash
Bible,Gaba
Bible,Gabbai
Bible,Gabbatha
Bible,Gabriel
Bible,Gad
Bible,Gadarenes
Bible,Gaddiel
Bible,Gadi
Bible,Gadite
Bible,Gadites
Bible,Gaham
Bible,Gahar
Bible,Gaius
Bible,Galal
Bible,Galatia
Bible,Galeed
Bible,Galilaean
Bible,Galilaeans
Bible,Galilee
Bible,Gallim
Bible,Gallio
Bible,Gamaliel
Bible,Gamul
Bible,Gareb
Bible,Garmite
Bible,Gashmu
Bible,Gatam
Bible,Gath
Bible,Gather
Bible,Gathhepher
Bible,Gathrimmon
Bible,Gavest
Bible,Gaza
Bible,Gazathites
Bible,Gazer
Bible,Gazez
Bible,Gazites
Bible,Gazzam
Bible,Geba
Bible,Gebal
Bible,Geber
Bible,Gebim
Bible,Gedaliah
Bible,Gedeon
Bible,Geder
Bible,Gederah
Bible,Gederathite
Bible,Gederite
Bible,Gederoth
Bible,Gederothaim
Bible,Gedor
Bible,Gehazi
Bible,Geliloth
Bible,Gemalli
Bible,Gemariah
Bible,General Epistle
Bible,Gennesaret
Bible,Gentile
Bible,Gentiles
Bible,Genubath
Bible,Gera
Bible,Gerar
Bible,Gergesenes
Bible,Gerizim
Bible,Gershom
Bible,Gershon
Bible,Gershonite
Bible,Gershonite Laadan
Bible,Gershonites
Bible,Gesham
Bible,Geshem
Bible,Geshur
Bible,Geshuri
Bible,Geshurites
Bible,Gether
Bible,Gethsemane
Bible,Geuel
Bible,Gezer
Bible,Gezrites
Bible,Gibbar
Bible,Gibbethon
Bible,Gibea
Bible,Gibeah
Bible,Gibeath
Bible,Gibeathite
Bible,Gibeon
Bible,Gibeonite
Bible,Gibeonites
Bible,Giblites
Bible,Giddalti
Bible,Giddel
Bible,Gideon
Bible,Gideoni
Bible,Gihon
Bible,Gilalai
Bible,Gilboa
Bible,Gilead
Bible,Gileadite
Bible,Gileadites
Bible,Gilgal
Bible,Giloh
Bible,Gilonite
Bible,Gimzo
Bible,Ginath
Bible,Ginnetho
Bible,Ginnethon
Bible,Gird
Bible,Girgashite
Bible,Girgashites
Bible,Girgasite
Bible,Gispa
Bible,Gittahhepher
Bible,Gittaim
Bible,Gittite
Bible,Gittites
Bible,Gizonite
Bible,Glory
Bible,Goath
Bible,Gob
Bible,God
Bible,Sherezer
Bible,Godhead
Bible,Gog
Bible,Golan
Bible,Golgotha
Bible,Goliath
Bible,Gomer
Bible,Gomorrah
Bible,Gomorrha
Bible,Good Master
Bible,Goshen
Bible,Gozan
Bible,Grecia
Bible,Grecians
Bible,Greece
Bible,Greek
Bible,Greeks
Bible,Gudgodah
Bible,Guni
Bible,Gur
Bible,Gurbaal
Bible,HARLOTS
Bible,HOLINESS
Bible,Haahashtari
Bible,Habaiah
Bible,Habaziniah
Bible,Habor
Bible,Hachaliah
Bible,Hachilah
Bible,Hachmoni
Bible,Hachmonite
Bible,Had Zimri
Bible,Hadad
Bible,Hadadezer
Bible,Hadadrimmon
Bible,Hadar
Bible,Hadarezer
Bible,Hadashah
Bible,Hadassah
Bible,Hadattah
Bible,Hadid
Bible,Hadlai
Bible,Hadoram
Bible,Hadrach
Bible,Hagab
Bible,Hagaba
Bible,Hagabah
Bible,Hagar
Bible,Hagarenes
Bible,Hagarites
Bible,Hagerite
Bible,Haggai
Bible,Haggeri
Bible,Haggi
Bible,Haggiah
Bible,Haggith
Bible,Hai
Bible,Hail
Bible,Hakkatan
Bible,Hakkoz
Bible,Hakupha
Bible,Halah
Bible,Halak
Bible,Hali
Bible,Hallowed
Bible,Halohesh
Bible,Ham
Bible,Haman
Bible,Hamath
Bible,Hamathite
Bible,Hamathzobah
Bible,Hammath
Bible,Hammedatha
Bible,Hammelech
Bible,Hammoleketh
Bible,Hammon
Bible,Hammothdor
Bible,Hamonah
Bible,Hamongog
Bible,Hamor
Bible,Hamul
Bible,Hamulites
Bible,Hamutal
Bible,Hanameel
Bible,Hanan
Bible,Hananeel
Bible,Hanani
Bible,Hananiah
Bible,Hanes
Bible,Hang
Bible,Haniel
Bible,Hannah
Bible,Hannathon
Bible,Hanniel
Bible,Hanoch
Bible,Hanun
Bible,Haphraim
Bible,Happy
Bible,Hara
Bible,Haradah
Bible,Haran
Bible,Hararite
Bible,Harbona
Bible,Harbonah
Bible,Hareph
Bible,Hareth
Bible,Harhaiah
Bible,Harhas
Bible,Harhur
Bible,Harim
Bible,Hariph
Bible,Harnepher
Bible,Harod
Bible,Harodite
Bible,Haroeh
Bible,Harorite
Bible,Harosheth
Bible,Harsha
Bible,Harum
Bible,Harumaph
Bible,Haruphite
Bible,Haruz
Bible,Hasadiah
Bible,Hasenuah
Bible,Hashabiah
Bible,Hashabnah
Bible,Hashabniah
Bible,Hashbadana
Bible,Hashem
Bible,Hashmonah
Bible,Hashub
Bible,Hashubah
Bible,Hashum
Bible,Hashupha
Bible,Hasrah
Bible,Hassenaah
Bible,Hasshub
Bible,Hasupha
Bible,Hatach
Bible,Amnon
Bible,Israel
Bible,Hathath
Bible,Hatipha
Bible,Hatita
Bible,Hattil
Bible,Hattush
Bible,Hauran
Bible,Havilah
Bible,Havothjair
Bible,Hazael
Bible,Hazaiah
Bible,Hazaraddar
Bible,Hazarenan
Bible,Hazargaddah
Bible,Hazarhatticon
Bible,Hazarmaveth
Bible,Hazarshual
Bible,Hazarsusah
Bible,Hazarsusim
Bible,Hazazontamar
Bible,Hazelelponi
Bible,Hazerim
Bible,Hazeroth
Bible,Hazezontamar
Bible,Haziel
Bible,Hazo
Bible,Hazor
Bible,Heber
Bible,Hebrew
Bible,Hebrew Golgotha
Bible,Hebrewess
Bible,Hebrews
Bible,Hebron
Bible,Hebronites
Bible,Hegai
Bible,Helah
Bible,Helam
Bible,Helbah
Bible,Helbon
Bible,Heldai
Bible,Helek
Bible,Helem
Bible,Heleph
Bible,Helez
Bible,Heli
Bible,Helkai
Bible,Helkath
Bible,Helkathhazzurim
Bible,Hell
Bible,Helon
Bible,Help
Bible,Hemam
Bible,Heman
Bible,Hemath
Bible,Hemdan
Bible,Hena
Bible,Henadad
Bible,Henoch
Bible,Hepher
Bible,Hepherites
Bible,Hephzibah
Bible,Hereafter
Bible,Heres
Bible,Heresh
Bible,Hermas
Bible,Hermes
Bible,Hermogenes
Bible,Hermon
Bible,Hermonites
Bible,Herod
Bible,Herodias
Bible,Heshbon
Bible,Heshmon
Bible,Heth
Bible,Hethlon
Bible,Hew
Bible,Hezeki
Bible,Hezekiah
Bible,Hezion
Bible,Hezir
Bible,Hezron
Bible,Hiddai
Bible,Hiddekel
Bible,Hide
Bible,Hierapolis
Bible,High
Bible,High Priest
Bible,Highest
Bible,Hilen
Bible,Hilkiah
Bible,Hillel
Bible,Himself
Bible,Hinnom
Bible,Hirah
Bible,Hiram
Bible,Hittite
Bible,Hittites
Bible,Hivite
Bible,Hivites
Bible,Hizkiah
Bible,Hizkijah
Bible,Hod
Bible,Hodaiah
Bible,Hodaviah
Bible,Hodesh
Bible,Hodevah
Bible,Hodijah
Bible,Hoglah
Bible,Holiest
Bible,Holon
Bible,Holy Father
Bible,Holy Ghost
Bible,Holy One
Bible,Holy Spirit
Bible,Homam
Bible,Honour
Bible,Hope
Bible,Hophni
Bible,Hor
Bible,Horam
Bible,Horeb
Bible,Horem
Bible,Horhagidgad
Bible,Hori
Bible,Horims
Bible,Horite
Bible,Horites
Bible,Hormah
Bible,Horonaim
Bible,Horonite
Bible,Hosah
Bible,Hosanna
Bible,Hosea
Bible,Hoshaiah
Bible,Hoshama
Bible,Hoshea
Bible,Hotham
Bible,Hothir
Bible,Howbeit
Bible,Howl
Bible,Hukkok
Bible,Hukok
Bible,Hul
Bible,Humble
Bible,Humtah
Bible,Hungry
Bible,Hupham
Bible,Huphamites
Bible,Huppah
Bible,Huppim
Bible,Hur
Bible,Huram
Bible,Huri
Bible,Hurt
Bible,Hushah
Bible,Hushai
Bible,Hushai David
Bible,Husham
Bible,Hushathite
Bible,Hushim
Bible,Huzzab
Bible,Hymenaeus
Bible,Ibhar
Bible,Ibleam
Bible,Ibnijah
Bible,Ibri
Bible,Ibzan
Bible,Ichabod
Bible,Iconium
Bible,Idalah
Bible,Idbash
Bible,Iddo
Bible,Idumaea
Bible,Idumea
Bible,Igdaliah
Bible,Igeal
Bible,Iim
Bible,Ijeabarim
Bible,Ijon
Bible,Imla
Bible,Imlah
Bible,Immanuel
Bible,Immer
Bible,Imna
Bible,Imnah
Bible,Imrah
Bible,Imri
Bible,Inasmuch
Bible,Incline
Bible,Increase
Bible,India
Bible,Intreat
Bible,Iphedeiah
Bible,Ir
Bible,Ira
Bible,Irad
Bible,Iram
Bible,Iri
Bible,Irijah
Bible,Irnahash
Bible,Iron
Bible,Irpeel
Bible,Irshemesh
Bible,Iru
Bible,Isaac
Bible,Isaac Jacob
Bible,Isaiah
Bible,Iscah
Bible,Iscariot
Bible,Ishbak
Bible,Ishbibenob
Bible,Ishbosheth
Bible,Ishbosheth Saul
Bible,Ishi
Bible,Ishiah
Bible,Ishijah
Bible,Ishma
Bible,Ishmael
Bible,Ishmael Abraham
Bible,Ishmaelite
Bible,Ishmaelites
Bible,Ishmeelite
Bible,Ishmeelites
Bible,Ishod
Bible,Ishpan
Bible,Ishtob
Bible,Ishuah
Bible,Ishuai
Bible,Ishui
Bible,Ismachiah
Bible,Ispah
Bible,Israel
Bible,Israelite
Bible,Israelites
Bible,Israelitish
Bible,Issachar
Bible,Isshiah
Bible,Isuah
Bible,Isui
Bible,Italian
Bible,Italy
Bible,Ithamar
Bible,Ithiel
Bible,Ithnan
Bible,Ithra
Bible,Ithran
Bible,Ithream
Bible,Ithrite
Bible,Ithrites
Bible,Ittahkazin
Bible,Ittai
Bible,Ituraea
Bible,Ivah
Bible,Izehar
Bible,Izeharites
Bible,Izhar
Bible,Izharites
Bible,Izrahiah
Bible,Izrahite
Bible,Izri
Bible,JAH
Bible,JEHOVAH
Bible,Jaakan
Bible,Jaakobah
Bible,Jaala
Bible,Jaalah
Bible,Jaalam
Bible,Jaanai
Bible,Jaareoregim
Bible,Jaasau
Bible,Jaasiel
Bible,Jaazer
Bible,Jaaziah
Bible,Jaaziel
Bible,Jabal
Bible,Jabbok
Bible,Jabesh
Bible,Jabeshgilead
Bible,Jabez
Bible,Jabin
Bible,Jabneel
Bible,Jabneh
Bible,Jachan
Bible,Jachin
Bible,Jacob
Bible,Jada
Bible,Jadau
Bible,Jaddua
Bible,Jael
Bible,Jael Heber
Bible,Jagur
Bible,Jahath
Bible,Jahaz
Bible,Jahaza
Bible,Jahazah
Bible,Jahaziel
Bible,Jahdai
Bible,Jahdiel
Bible,Jahdo
Bible,Jahleel
Bible,Jahleelites
Bible,Jahmai
Bible,Jahzah
Bible,Jahzeel
Bible,Jahzerah
Bible,Jahziel
Bible,Jair
Bible,Jairite
Bible,Jairus
Bible,Jakan
Bible,Jakeh
Bible,Jakim
Bible,Jalon
Bible,Jambres
Bible,James
Bible,James Bible
Bible,James Version
Bible,Jamin
Bible,Jamlech
Bible,Janna
Bible,Jannes
Bible,Janoah
Bible,Janohah
Bible,Janum
Bible,Japheth
Bible,Japhia
Bible,Japhlet
Bible,Japhleti
Bible,Japho
Bible,Jarah
Bible,Jareb
Bible,Jared
Bible,Jaresiah
Bible,Jarha
Bible,Jarib
Bible,Jarmuth
Bible,Jaroah
Bible,Jashen
Bible,Jasher
Bible,Jashobeam
Bible,Jashub
Bible,Jashubilehem
Bible,Jason
Bible,Jathniel
Bible,Jattir
Bible,Javan
Bible,Jazer
Bible,Jealous
Bible,Jearim
Bible,Jeaterai
Bible,Jeberechiah
Bible,Jebus
Bible,Jebusi
Bible,Jebusite
Bible,Jebusites
Bible,Jecamiah
Bible,Jechonias
Bible,Jeconiah
Bible,Jedaiah
Bible,Jediael
Bible,Jedidah
Bible,Jedidiah
Bible,Jeduthun
Bible,Jeezer
Bible,Jehaleleel
Bible,Jehalelel
Bible,Jehdeiah
Bible,Jehezekel
Bible,Jehiah
Bible,Jehiel
Bible,Jehieli
Bible,Jehoadah
Bible,Jehoaddan
Bible,Jehoahaz
Bible,Jehoash
Bible,Jehohanan
Bible,Jehoiachin
Bible,Jehoiada
Bible,Jehoiakim
Bible,Jehoiarib
Bible,Jehonadab
Bible,Jehonathan
Bible,Jehoram
Bible,Jehoshabeath
Bible,Jehoshaphat
Bible,Jehosheba
Bible,Jehoshuah
Bible,Jehozabad
Bible,Jehozadak
Bible,Jehu
Bible,Jehu Jehoash
Bible,Jehubbah
Bible,Jehud
Bible,Jehudi
Bible,Jehudijah
Bible,Jehush
Bible,Jeiel
Bible,Jekabzeel
Bible,Jekamiah
Bible,Jemima
Bible,Jemuel
Bible,Jephthae
Bible,Jephthah
Bible,Jephunneh
Bible,Jephunneh Hebron
Bible,Jerah
Bible,Jerahmeel
Bible,Jerahmeelites
Bible,Jered
Bible,Jeremai
Bible,Jeremiah
Bible,Jeremias
Bible,Jeremoth
Bible,Jeremy
Bible,Jeribai
Bible,Jericho
Bible,Jeriel
Bible,Jerimoth
Bible,Jerioth
Bible,Jeroboam
Bible,Jeroham
Bible,Jerubbaal
Bible,Jerubbesheth
Bible,Jeruel
Bible,Jerusalem
Bible,Jerusalem Aholibah
Bible,Jerusalem Jews
Bible,Jerusha
Bible,Jerushah
Bible,Jesaiah
Bible,Jeshaiah
Bible,Jeshanah
Bible,Jesharelah
Bible,Jeshebeab
Bible,Jesher
Bible,Jeshimon
Bible,Jeshishai
Bible,Jeshohaiah
Bible,Jeshua
Bible,Jeshuah
Bible,Jeshurun
Bible,Jesiah
Bible,Jesimiel
Bible,Jesse
Bible,Jesui
Bible,Jesurun
Bible,Jesus
Bible,Jesus Christ
Bible,Jether
Bible,Jetheth
Bible,Jethlah
Bible,Jethro
Bible,Jetur
Bible,Jeuel
Bible,Jeush
Bible,Jeuz
Bible,Jew
Bible,Jewry
Bible,Jews
Bible,Jezebel
Bible,Jezer
Bible,Jeziah
Bible,Jeziel
Bible,Jezliah
Bible,Jezoar
Bible,Jezrahiah
Bible,Jezreel
Bible,Jezreelite
Bible,Jezreelitess
Bible,Jibsam
Bible,Jidlaph
Bible,Jimna
Bible,Jimnah
Bible,Jiphtah
Bible,Jiphthahel
Bible,Joab
Bible,Joah
Bible,Joanna
Bible,Joash
Bible,Joatham
Bible,Job
Bible,Jobab
Bible,Jochebed
Bible,Joed
Bible,Joel
Bible,Joelah
Bible,Joezer
Bible,Jogbehah
Bible,Jogli
Bible,Joha
Bible,Johanan
Bible,John
Bible,John Baptist
Bible,Joiada
Bible,Joiakim
Bible,Joiarib
Bible,Jokdeam
Bible,Jokim
Bible,Jokmeam
Bible,Jokneam
Bible,Jokshan
Bible,Joktan
Bible,Joktheel
Bible,Jona
Bible,Jonadab
Bible,Jonah
Bible,Jonan
Bible,Jonas
Bible,Jonathan
Bible,Jonathan Abiathar
Bible,Jonathan David
Bible,Jonathan Saul
Bible,Joppa
Bible,Jorah
Bible,Jorai
Bible,Joram
Bible,Jordan
Bible,Jorim
Bible,Jorkoam
Bible,Josaphat
Bible,Jose
Bible,Josedech
Bible,Joseph
Bible,Joses
Bible,Joshah
Bible,Joshaviah
Bible,Joshbekashah
Bible,Joshua
Bible,Josiah
Bible,Josias
Bible,Josibiah
Bible,Josiphiah
Bible,Jotbah
Bible,Jotbath
Bible,Jotbathah
Bible,Jotham
Bible,Jozabad
Bible,Jozadak
Bible,Jubal
Bible,Juda
Bible,Judaea
Bible,Judah
Bible,Judah Jehoahaz
Bible,Judah Jeroboam
Bible,Judah Pekah
Bible,Judah Pekahiah
Bible,Judah Rezin
Bible,Judas
Bible,Judas Iscariot
Bible,Judea
Bible,Julia
Bible,Julius
Bible,Junia
Bible,Jupiter
Bible,Just
Bible,Justus
Bible,Juttah
Bible,Kabzeel
Bible,Kadesh
Bible,Kadeshbarnea
Bible,Kadmiel
Bible,Kadmonites
Bible,Kallai
Bible,Kanah
Bible,Kareah
Bible,Karkaa
Bible,Karkor
Bible,Kartah
Bible,Kartan
Bible,Kattath
Bible,Kedar
Bible,Kedemah
Bible,Kedemoth
Bible,Kedesh
Bible,Kedeshnaphtali
Bible,Keep
Bible,Kehelathah
Bible,Keilah
Bible,Kelaiah
Bible,Kelita
Bible,Kemuel
Bible,Kenan
Bible,Kenath
Bible,Kenaz
Bible,Kenezite
Bible,Kenite
Bible,Kenites
Bible,Kenizzites
Bible,Kerenhappuch
Bible,Kerioth
Bible,Keros
Bible,Keturah
Bible,Kezia
Bible,Keziz
Bible,Kibrothhattaavah
Bible,Kibzaim
Bible,Kidron
Bible,Kinah
Bible,King of the Jews
Bible ,King of Israel
Bible,King of Jacob
Bible,Kings
Bible,Kir
Bible,Kirharaseth
Bible,Kirhareseth
Bible,Kirharesh
Bible,Kirheres
Bible,Kiriathaim
Bible,Kirioth
Bible,Kirjath
Bible,Kirjathaim
Bible,Kirjatharba
Bible,Kirjatharim
Bible,Kirjathbaal
Bible,Kirjathjearim
Bible,Kirjathsannah
Bible,Kirjathsepher
Bible,Kish
Bible,Kishi
Bible,Kishion
Bible,Kishon
Bible,Kishon Sisera
Bible,Kison
Bible,Kithlish
Bible,Kitron
Bible,Kittim
Bible,Koa
Bible,Kohath
Bible,Kohathites
Bible,Kolaiah
Bible,Korah
Bible,Korahite
Bible,Korahites
Bible,Korathites
Bible,Kore
Bible,Korhites
Bible,Koz
Bible,Kushaiah
Bible,Asaph
Bible,God
Bible,God Almighty
Bible,Jesus
Bible,Laadan
Bible,Laban
Bible,Lachish
Bible,Lael
Bible,Lahad
Bible,Lahairoi
Bible,Lahmam
Bible,Laish
Bible,Lakum
Bible,Lamb
Bible,Lamech
Bible,Laodicea
Bible,Laodiceans
Bible,Lapidoth
Bible,Lasea
Bible,Lasharon
Bible,Latin
Bible,Lazarus
Bible,Leah
Bible,Leah Zilpah
Bible,Lebana
Bible,Lebanah
Bible,Lebanon
Bible,Lebaoth
Bible,Lebbaeus
Bible,Lebonah
Bible,Lecah
Bible,Legion
Bible,Lehabim
Bible,Lehi
Bible,Lemuel
Bible,Leshem
Bible,Abishag
Bible,Baal
Bible,Let David
Bible,God
Bible,Letushim
Bible,Leummim
Bible,Levi
Bible,Levi Moses
Bible,Levite
Bible,Levites
Bible,Levitical
Bible,Libertines
Bible,Libnah
Bible,Libni
Bible,Libnites
Bible,Libya
Bible,Libyans
Bible,Light
Bible,Likhi
Bible,Linus
Bible,Lion
Bible,Loammi
Bible,Lod
Bible,Lodebar
Bible,Lois
Bible,Lord
Bible,Lord Almighty
Bible,Lord Christ
Bible,Lord God
Bible,Lord God Almighty
Bible,Lord Jesus
Bible,Lord Jesus Christ
Bible,Loruhamah
Bible,Lot
Bible,Lotan
Bible,Lubim
Bible,Lubims
Bible,Lucas
Bible,Lucius
Bible,Lud
Bible,Ludim
Bible,Luhith
Bible,Luke
Bible,Luz
Bible,Lycaonia
Bible,Lycia
Bible,Lydda
Bible,Lydia
Bible,Lydians
Bible,Lysias
Bible,Lystra
Bible,MENE
Bible,Mystery
Bible,Maacah
Bible,Maachah
Bible,Maachathi
Bible,Maachathite
Bible,Maachathites
Bible,Maadai
Bible,Maadiah
Bible,Maai
Bible,Maalehacrabbim
Bible,Maarath
Bible,Maaseiah
Bible,Maath
Bible,Maaz
Bible,Maaziah
Bible,Macedonia
Bible,Macedonian
Bible,Machbenah
Bible,Machi
Bible,Machir
Bible,Machnadebai
Bible,Machpelah
Bible,Madai
Bible,Madian
Bible,Madmannah
Bible,Madon
Bible,Magbish
Bible,Magdala
Bible,Magdalene
Bible,Magdiel
Bible,Magog
Bible,Magormissabib
Bible,Mahalah
Bible,Mahalaleel
Bible,Mahali
Bible,Mahanaim
Bible,Mahanehdan
Bible,Mahath
Bible,Mahavite
Bible,Mahazioth
Bible,Mahershalalhashbaz
Bible,Mahlah
Bible,Mahli
Bible,Mahlites
Bible,Mahlon
Bible,Mahol
Bible,Maid
Bible,Makaz
Bible,Maker
Bible,Makheloth
Bible,Makkedah
Bible,Maktesh
Bible,Malachi
Bible,Malcham
Bible,Malchiah
Bible,Malchiel
Bible,Malchielites
Bible,Malchijah
Bible,Malchiram
Bible,Malchishua
Bible,Malchus
Bible,Maleleel
Bible,Mallothi
Bible,Malluch
Bible,Mamre
Bible,Man
Bible,Manaen
Bible,Manahath
Bible,Manasseh
Bible,Manasseh Moses
Bible,Manasses
Bible,Manassites
Bible,Manoah
Bible,Maoch
Bible,Maon
Bible,Maonites
Bible,Mara
Bible,Marah
Bible,Maralah
Bible,Marcus
Bible,Mareshah
Bible,Mark
Bible,Maroth
Bible,Mars
Bible,Marsena
Bible,Martha
Bible,Mary
Bible,Mary Magdalene
Bible,Mash
Bible,Mashal
Bible,Masrekah
Bible,Massa
Bible,Massah
Bible,Master
Bible,Mathusala
Bible,Matred
Bible,Matri
Bible,Mattan
Bible,Mattanah
Bible,Mattaniah
Bible,Mattatha
Bible,Mattathah
Bible,Mattathias
Bible,Mattenai
Bible,Matthan
Bible,Matthat
Bible,Matthew
Bible,Matthias
Bible,Mattithiah
Bible,Meah
Bible,Mearah
Bible,Mecherathite
Bible,Medad
Bible,Medan
Bible,Mede
Bible,Medeba
Bible,Medes
Bible,Media
Bible,Median
Bible,Meditate
Bible,Megiddo
Bible,Megiddon
Bible,Mehetabeel
Bible,Mehetabel
Bible,Mehida
Bible,Mehir
Bible,Meholathite
Bible,Mehujael
Bible,Mehuman
Bible,Mehunim
Bible,Mehunims
Bible,Mejarkon
Bible,Mekonah
Bible,Melchi
Bible,Melchiah
Bible,Melchisedec
Bible,Melchishua
Bible,Melchizedek
Bible,Melea
Bible,Melech
Bible,Melicu
Bible,Melita
Bible,Melzar
Bible,Memphis
Bible,Memucan
Bible,Menahem
Bible,Menan
Bible,Meonenim
Bible,Meonothai
Bible,Mephaath
Bible,Mephibosheth
Bible,Merab
Bible,Merab Saul
Bible,Meraiah
Bible,Meraioth
Bible,Merari
Bible,Merarites
Bible,Merathaim
Bible,Mercurius
Bible,Mercy
Bible,Mered
Bible,Meremoth
Bible,Meres
Bible,Meribah
Bible,MeribahKadesh
Bible,Meribbaal
Bible,Merodach
Bible,Merodachbaladan
Bible,Merom
Bible,Meronothite
Bible,Meroz
Bible,Mesech
Bible,Mesha
Bible,Meshach
Bible,Meshech
Bible,Meshelemiah
Bible,Meshezabeel
Bible,Meshillemith
Bible,Meshillemoth
Bible,Meshobab
Bible,Meshullam
Bible,Meshullemeth
Bible,Mesobaite
Bible,Mesopotamia
Bible,Messias
Bible,Methegammah
Bible,Methusael
Bible,Methuselah
Bible,Meunim
Bible,Mezahab
Bible,Miamin
Bible,Mibhar
Bible,Mibsam
Bible,Mibzar
Bible,Micah
Bible,Micaiah
Bible,Micha
Bible,Michael
Bible,Michah
Bible,Michaiah
Bible,Michal
Bible,Michal David
Bible,Michal Saul
Bible,Michmas
Bible,Michmash
Bible,Michmethah
Bible,Michri
Bible,Middin
Bible,Midian
Bible,Midianite
Bible,Midianites
Bible,Midianitish
Bible,Migdalel
Bible,Migdalgad
Bible,Migdol
Bible,Mighty God
Bible,Migron
Bible,Mijamin
Bible,Mikloth
Bible,Mikneiah
Bible,Milalai
Bible,Milcah
Bible,Milcom
Bible,Miletum
Bible,Miletus
Bible,Millo
Bible,Miniamin
Bible,Minni
Bible,Minnith
Bible,Miphkad
Bible,Miriam
Bible,Mirma
Bible,Misgab
Bible,Mishael
Bible,Mishal
Bible,Misham
Bible,Misheal
Bible,Mishma
Bible,Mishraites
Bible,Mispereth
Bible,Mithcah
Bible,Mithnite
Bible,Mithredath
Bible,Mitylene
Bible,Mizar
Bible,Mizpah
Bible,Mizpar
Bible,Mizpeh
Bible,Mizraim
Bible,Mizzah
Bible,Moab
Bible,Moabite
Bible,Moabites
Bible,Moabitess
Bible,Moabitish
Bible,Moadiah
Bible,Moladah
Bible,Molech
Bible,Molid
Bible,Moloch
Bible,Moon
Bible,Morasthite
Bible,Mordecai
Bible,Mordecai Esther
Bible,Moreh
Bible,Moreshethgath
Bible,Moriah
Bible,Mosera
Bible,Moseroth
Bible,Moses
Bible,Moses Zipporah
Bible,Most High
Bible,Moza
Bible,Mozah
Bible,Muppim
Bible,Murmur
Bible,Mushi
Bible,Mushites
Bible,Myra
Bible,Mysia
Bible,Naam
Bible,Naamah
Bible,Naaman
Bible,Naamathite
Bible,Naamites
Bible,Naarah
Bible,Naarai
Bible,Naaran
Bible,Naarath
Bible,Naashon
Bible,Naasson
Bible,Nabal
Bible,Naboth
Bible,Nachon
Bible,Nachor
Bible,Nadab
Bible,Nagge
Bible,Nahalal
Bible,Nahaliel
Bible,Nahallal
Bible,Nahalol
Bible,Naham
Bible,Nahamani
Bible,Nahash
Bible,Nahath
Bible,Nahor
Bible,Nahshon
Bible,Nain
Bible,Naioth
Bible,Naomi
Bible,Naphish
Bible,Naphtali
Bible,Naphtuhim
Bible,Narcissus
Bible,Nathan
Bible,Nathanael
Bible,Naum
Bible,Nay
Bible,Nazarene
Bible,Nazareth
Bible,Nazarite
Bible,Nazarites
Bible,Neah
Bible,Neapolis
Bible,Neariah
Bible,Nebai
Bible,Nebaioth
Bible,Nebajoth
Bible,Neballat
Bible,Nebat
Bible,Nebo
Bible,Nebuchadnezzar
Bible,Nebushasban
Bible,Nebuzaradan
Bible,Necho
Bible,Nedabiah
Bible,Nehelamite
Bible,Nehemiah
Bible,Nehum
Bible,Nehushta
Bible,Nehushtan
Bible,Neiel
Bible,Nekeb
Bible,Nekoda
Bible,Nemuel
Bible,Nepheg
Bible,Nephish
Bible,Nephishesim
Bible,Nephthalim
Bible,Nephtoah
Bible,Nephusim
Bible,Ner
Bible,Nereus
Bible,Nergal
Bible,Nergalsharezer
Bible,Neri
Bible,Neriah
Bible,Nethaneel
Bible,Nethaniah
Bible,Nethinims
Bible,Netophah
Bible,Netophathi
Bible,Netophathite
Bible,Netophathites
Bible,Neziah
Bible,Nezib
Bible,Nibhaz
Bible,Nibshan
Bible,Nicanor
Bible,Nicodemus
Bible,Nicolaitanes
Bible,Nicolas
Bible,Nicopolis
Bible,Niger
Bible,Night
Bible,Nimrah
Bible,Nimrim
Bible,Nimrod
Bible,Nimshi
Bible,Nineve
Bible,Nineveh
Bible,Ninevites
Bible,Nisan
Bible,Nisroch
Bible,Noadiah
Bible,Noah
Bible,Nob
Bible,Nobah
Bible,Nod
Bible,Nodab
Bible,Noe
Bible,Nogah
Bible,Noph
Bible,Nophah
Bible,Nun
Bible,Nun Jehoshua
Bible,Nymphas
Bible,Absalom
Bible,Ahaziah
Bible,Aholibah
Bible,Baal
Bible,Babylon
Bible,Baruch
Bible,Belshazzar
Bible,Belteshazzar
Bible,Benjamin
Bible,Dan
Bible,Daniel
Bible,Egypt
Bible,Elam
Bible,Ephraim
Bible,Father
Bible,God
Bible,Gog
Bible,Greece
Bible,Heshbon
Bible,Immanuel
Bible,Israel
Bible,Jacob
Bible,Jerusalem
Bible,Job
Bible,Joshua
Bible,Judah
Bible,King
Bible,Lebanon
Bible,Lemuel
Bible,Lord
Bible,Lucifer
Bible,Madmen
Bible,Media
Bible,Moab
Bible,Naphtali
Bible,Nebuchadnezzar
Bible,Samaria
Bible,Satan
Bible,Shadrach
Bible,Shepherd
Bible,Shulamite
Bible,Solomon
Bible,Teman
Bible,Theophilus
Bible,Tyre
Bible,Tyrus
Bible,Zedekiah
Bible,Zerubbabel
Bible,Zidon
Bible,Zion
Bible,Obadiah
Bible,Obal
Bible,Obed
Bible,Obededom
Bible,Oboth
Bible,Ocran
Bible,Oded
Bible,Og
Bible,Ohad
Bible,Ohel
Bible,Mount of Olives
Bible,Olivet
Bible,Olympas
Bible,Omar
Bible,Omega
Bible,Omri
Bible,Onam
Bible,Onan
Bible,Onesimus
Bible,Onesiphorus
Bible,Ono
Bible,Open
Bible,Ophel
Bible,Ophir
Bible,Ophni
Bible,Ophrah
Bible,Oreb
Bible,Oren
Bible,Orion
Bible,Ornan
Bible,Orpah
Bible,Osee
Bible,Others
Bible,Othni
Bible,Othniel
Bible,Outcast
Bible,Ozem
Bible,Ozias
Bible,Ozni
Bible,PERES
Bible,Paarai
Bible,Padan
Bible,Padanaram
Bible,Padon
Bible,Pahathmoab
Bible,Pai
Bible,Palestina
Bible,Palestine
Bible,Pallu
Bible,Palti
Bible,Paltiel
Bible,Paltite
Bible,Pamphylia
Bible,Pannag
Bible,Paphos
Bible,Paran
Bible,Parbar
Bible,Pardon
Bible,Parmashta
Bible,Parmenas
Bible,Parnach
Bible,Parosh
Bible,Parshandatha
Bible,Paruah
Bible,Parvaim
Bible,Pasach
Bible,Pasdammim
Bible,Paseah
Bible,Pashur
Bible,Patara
Bible,Pathros
Bible,Pathrusim
Bible,Patmos
Bible,Patrobas
Bible,Pau
Bible,Paul
Bible,Peace
Bible,Pedahel
Bible,Pedahzur
Bible,Pedaiah
Bible,Pekah
Bible,Pekahiah
Bible,Pekod
Bible,Pelaiah
Bible,Pelaliah
Bible,Pelatiah
Bible,Peleg
Bible,Pelet
Bible,Peleth
Bible,Pelethites
Bible,Pelonite
Bible,Peniel
Bible,Peninnah
Bible,Pentecost
Bible,Penuel
Bible,Peor
Bible,Peradventure
Bible,Perazim
Bible,Perceive
Bible,Peresh
Bible,Perez
Bible,Perezuzza
Bible,Perezuzzah
Bible,Perga
Bible,Pergamos
Bible,Perida
Bible,Perizzite
Bible,Perizzites
Bible,Persia
Bible,Persian
Bible,Persians
Bible,Peruda
Bible,Peter
Bible,Pethahiah
Bible,Pethor
Bible,Pethuel
Bible,Peulthai
Bible,Phalec
Bible,Phallu
Bible,Phaltiel
Bible,Phanuel
Bible,Pharah
Bible,Pharaoh
Bible,Pharaohhophra
Bible,Pharaohnecho
Bible,Pharaohnechoh
Bible,Phares
Bible,Pharez
Bible,Pharisee
Bible,Pharisees
Bible,Pharosh
Bible,Pharpar
Bible,Phaseah
Bible,Phenice
Bible,Philadelphia
Bible,Philetus
Bible,Philip
Bible,Philippi
Bible,Philistia
Bible,Philistim
Bible,Philistine
Bible,Philistines
Bible,Phinehas
Bible,Phlegon
Bible,Phrygia
Bible,Phurah
Bible,Phut
Bible,Phuvah
Bible,Phygellus
Bible,Physician
Bible,Pibeseth
Bible,Pihahiroth
Bible,Pilate
Bible,Pildash
Bible,Pileha
Bible,Piltai
Bible,Pinon
Bible,Pirathon
Bible,Pirathonite
Bible,Pisgah
Bible,Pisidia
Bible,Pison
Bible,Pispah
Bible,Pithom
Bible,Pithon
Bible,Pleiades
Bible,Pochereth
Bible,Pollux
Bible,Pontius Pilate
Bible,Pontus
Bible,Poratha
Bible,Porcius Festus
Bible,Potentate
Bible,Potiphar
Bible,Potipherah
Bible,Praetorium
Bible,Prince
Bible,Priscilla
Bible,Prochorus
Bible,Prophesy
Bible,Prophet
Bible,Psalms
Bible,Ptolemais
Bible,Pua
Bible,Puah
Bible,Publius
Bible,Pudens
Bible,Puhites
Bible,Pul
Bible,Punon
Bible,Pur
Bible,Purim
Bible,Putiel
Bible,Raamah
Bible,Raamiah
Bible,Raamses
Bible,Rabbah
Bible,Rabbath
Bible,Rabbi
Bible,Rabbith
Bible,Rabboni
Bible,Rabmag
Bible,Rabsaris
Bible,Rabshakeh
Bible,Raca
Bible,Rachab
Bible,Rachal
Bible,Rachel
Bible,Rachel Jacob
Bible,Ragau
Bible,Raguel
Bible,Rahab
Bible,Raham
Bible,Rahel
Bible,Rakem
Bible,Rakkath
Bible,Rakkon
Bible,Ram
Bible,Rama
Bible,Ramah
Bible,Ramath
Bible,Ramathaimzophim
Bible,Ramathite
Bible,Rameses
Bible,Ramiah
Bible,Ramoth
Bible,Ramothgilead
Bible,Rapha
Bible,Raphu
Bible,Reaia
Bible,Reaiah
Bible,Reba
Bible,Rebecca
Bible,Rebekah
Bible,Rechab
Bible,Rechabites
Bible,Rechah
Bible,Red Sea
Bible,Redeemer
Bible,Reelaiah
Bible,Regem
Bible,Regemmelech
Bible,Rehabiah
Bible,Rehob
Bible,Rehoboam
Bible,Rehoboam Shishak
Bible,Rehoboth
Bible,Rehum
Bible,Rei
Bible,Rekem
Bible,Remaliah
Bible,Remeth
Bible,Remmon
Bible,Remphan
Bible,Rephael
Bible,Rephah
Bible,Rephaiah
Bible,Rephaim
Bible,Rephaims
Bible,Rephidim
Bible,Resheph
Bible,Reu
Bible,Reuben
Bible,Reubenite
Bible,Reubenites
Bible,Reuel
Bible,Reuel Esau
Bible,Reumah
Bible,Revelation of Jesus Christ
Bible,Revelation of Saint John
Bible,Revilest
Bible,Rezeph
Bible,Rezia
Bible,Rezin
Bible,Rhesa
Bible,Rhoda
Bible,Ribai
Bible,Riblah
Bible,Rimmon
Bible,Rimmonparez
Bible,Rinnah
Bible,Riphath
Bible,Rissah
Bible,Rithmah
Bible,Rizpah
Bible,Roboam
Bible,Rock
Bible,Rogelim
Bible,Rohgah
Bible,Romamtiezer
Bible,Roman
Bible,Romans
Bible,Rome
Bible,Root
Bible,Rosh
Bible,Rufus
Bible,Ruhamah
Bible,Rule
Bible,Rumah
Bible,Ruth
Bible,Sabaoth
Bible,Sabeans
Bible,Sabta
Bible,Sabtah
Bible,Sabtecha
Bible,Sabtechah
Bible,Saddle
Bible,Sadducees
Bible,Sadoc
Bible,Saint John
Bible,Saint Luke
Bible,Saint Mark
Bible,Saint Matthew
Bible,Sala
Bible,Salah
Bible,Salamis
Bible,Salathiel
Bible,Salcah
Bible,Salchah
Bible,Salem
Bible,Salim
Bible,Sallai
Bible,Salma
Bible,Salmon
Bible,Salmone
Bible,Salome
Bible,Salt
Bible,Salu
Bible,Salute
Bible,Andronicus
Bible,Apelles
Bible,Asyncritus
Bible,Herodion
Bible,Philologus
Bible,Prisca
Bible,Rufus
Bible,Tryphena
Bible,Urbane
Bible,Salvation
Bible,Samaria
Bible,Samaritan
Bible,Samaritans
Bible,Samgarnebo
Bible,Samlah
Bible,Samos
Bible,Samothracia
Bible,Samson
Bible,Samuel
Bible,Sanballat
Bible,Sanctify
Bible,Sansannah
Bible,Saph
Bible,Saphir
Bible,Sapphira
Bible,Sara
Bible,Sarah
Bible,Sarah Abraham
Bible,Sarai
Bible,Sarai Abram
Bible,Saraph
Bible,Sardis
Bible,Sarepta
Bible,Sargon
Bible,Sarid
Bible,Saron
Bible,Sarsechim
Bible,Saruch
Bible,Satan
Bible,Saul
Bible,Saviour
Bible,Scythian
Bible,Seal
Bible,Seba
Bible,Sebat
Bible,Secacah
Bible,Sechu
Bible,Second Book
Bible,Second Epistle
Bible,Secundus
Bible,Seemeth
Bible,Segub
Bible,Seir
Bible,Selah
Bible,Seled
Bible,Seleucia
Bible,Sem
Bible,Semachiah
Bible,Semei
Bible,Senaah
Bible,Send
Bible,Senir
Bible,Sennacherib
Bible,Senuah
Bible,Seorim
Bible,Sepharad
Bible,Sepharvaim
Bible,Serah
Bible,Seraiah
Bible,Sered
Bible,Sergius Paulus
Bible,Serug
Bible,Seth
Bible,Sethur
Bible,Seven
Bible,Shaalabbin
Bible,Shaalbim
Bible,Shaalbonite
Bible,Shaaph
Bible,Shaaraim
Bible,Shaashgaz
Bible,Shabbethai
Bible,Shachia
Bible,Shadrach
Bible,Shaharaim
Bible,Shahazimah
Bible,Shalem
Bible,Shalim
Bible,Shalisha
Bible,Jonathan
Bible,Saul
Bible,Shallecheth
Bible,Shallum
Bible,Shalmai
Bible,Shalman
Bible,Shalmaneser
Bible,Shama
Bible,Shamariah
Bible,Shamed
Bible,Shamer
Bible,Shamgar
Bible,Shamir
Bible,Shamma
Bible,Shammah
Bible,Shammai
Bible,Shammua
Bible,Shammuah
Bible,Shamsherai
Bible,Shaphan
Bible,Shaphat
Bible,Shapher
Bible,Sharai
Bible,Sharaim
Bible,Sharar
Bible,Sharezer
Bible,Sharon
Bible,Sharonite
Bible,Sharuhen
Bible,Shashai
Bible,Shashak
Bible,Shaul
Bible,Shaulites
Bible,Shaveh
Bible,Shaveh Kiriathaim
Bible,Shavsha
Bible,Sheal
Bible,Shealtiel
Bible,Sheariah
Bible,Shearjashub
Bible,Sheba
Bible,Shebam
Bible,Shebaniah
Bible,Shebna
Bible,Shebuel
Bible,Shecaniah
Bible,Shechaniah
Bible,Shechem
Bible,Shechem Hamor
Bible,Shedeur
Bible,Shehariah
Bible,Shelah
Bible,Shelemiah
Bible,Sheleph
Bible,Shelesh
Bible,Shelomi
Bible,Shelomith
Bible,Shelomoth
Bible,Shem
Bible,Shema
Bible,Shemaiah
Bible,Shemariah
Bible,Shemer
Bible,Shemida
Bible,Shemidah
Bible,Sheminith
Bible,Shemiramoth
Bible,Shemuel
Bible,Shen
Bible,Shenazar
Bible,Shenir
Bible,Shepham
Bible,Shephathiah
Bible,Shephatiah
Bible,Shepherd
Bible,Shephi
Bible,Shepho
Bible,Shephuphan
Bible,Sherah
Bible,Sherebiah
Bible,Sheresh
Bible,Sheshach
Bible,Sheshai
Bible,Sheshan
Bible,Sheshbazzar
Bible,Sheth
Bible,Shethar
Bible,Shetharboznai
Bible,Sheva
Bible,Shew
Bible,Shibmah
Bible,Shicron
Bible,Shigionoth
Bible,Shihon
Bible,Shihor
Bible,Shihorlibnath
Bible,Shilhi
Bible,Shilhim
Bible,Shillem
Bible,Shillemites
Bible,Shiloah
Bible,Shiloh
Bible,Shiloni
Bible,Shilonite
Bible,Shilonites
Bible,Shilshah
Bible,Shimea
Bible,Shimea David
Bible,Shimeah
Bible,Shimeah David
Bible,Shimeam
Bible,Shimeath
Bible,Shimeathites
Bible,Shimei
Bible,Shimeon
Bible,Shimhi
Bible,Shimi
Bible,Shimon
Bible,Shimrath
Bible,Shimri
Bible,Shimrith
Bible,Shimrom
Bible,Shimron
Bible,Shimronites
Bible,Shimronmeron
Bible,Shimshai
Bible,Shinab
Bible,Shinar
Bible,Shiphi
Bible,Shiphmite
Bible,Shiphrah
Bible,Shiphtan
Bible,Shisha
Bible,Shishak
Bible,Shittim
Bible,Shoa
Bible,Shobab
Bible,Shobai
Bible,Shobal
Bible,Shobek
Bible,Shocho
Bible,Shochoh
Bible,Shoco
Bible,Shoham
Bible,Shomer
Bible,Shoot
Bible,Shophan
Bible,Shua
Bible,Shuah
Bible,Shuah Judah
Bible,Shual
Bible,Shubael
Bible,Shuham
Bible,Shuhamites
Bible,Shuhite
Bible,Shulamite
Bible,Shumathites
Bible,Shunammite
Bible,Shunem
Bible,Shuni
Bible,Shupham
Bible,Shuppim
Bible,Shur
Bible,Shushan
Bible,Shuthelah
Bible,Sia
Bible,Siaha
Bible,Sibboleth
Bible,Sibmah
Bible,Sibraim
Bible,Sichem
Bible,Siddim
Bible,Sidon
Bible,Sihon
Bible,Sihor
Bible,Silas
Bible,Silla
Bible,Siloah
Bible,Siloam
Bible,Silvanus
Bible,Silver
Bible,Simeon
Bible,Simeonites
Bible,Simon
Bible,Simon Barjona
Bible,Simon Peter
Bible,Simon Zelotes
Bible,Sin
Bible,Sina
Bible,Sinai
Bible,Sinim
Bible,Sinite
Bible,Sion
Bible,Siphmoth
Bible,Sippai
Bible,Sir
Bible,Sirah
Bible,Sirion
Bible,Sirs
Bible,Sisamai
Bible,Sisera
Bible,Sit
Bible,Sivan
Bible,Amnon
Bible,Smyrna
Bible,Socho
Bible,Sochoh
Bible,Socoh
Bible,Sodi
Bible,Sodom
Bible,Sodoma
Bible,Solomon
Bible,Son
Bible,Song of Solomon
Bible,Sophereth
Bible,Sorek
Bible,Sorrow
Bible,Sosipater
Bible,Sosthenes
Bible,Sotai
Bible,Spain
Bible,Spikenard
Bible,Spirit
Bible,Stachys
Bible,Stephanas
Bible,Stephen
Bible,Stoicks
Bible,Suah
Bible,Succoth
Bible,Succothbenoth
Bible,Suchathites
Bible,Sukkiims
Bible,Sun
Bible,Sur
Bible,Susanchites
Bible,Susanna
Bible,Susi
Bible,Sword
Bible,Sychar
Bible,Sychem
Bible,Syene
Bible,Syntyche
Bible,Syracuse
Bible,Syria
Bible,Syriack
Bible,Syriadamascus
Bible,Syriamaachah
Bible,Syrian
Bible,Syrians
Bible,TEKEL
Bible,Taanach
Bible,Tabbaoth
Bible,Tabeal
Bible,Tabeel
Bible,Taberah
Bible,Tabernacle
Bible,Tabitha
Bible,Tabor
Bible,Tabrimon
Bible,Tachmonite
Bible,Tadmor
Bible,Tahan
Bible,Tahanites
Bible,Tahapanes
Bible,Tahath
Bible,Tahpanhes
Bible,Tahpenes
Bible,Tahrea
Bible,Tahtimhodshi
Bible,Micaiah
Bible,Talitha
Bible,Talmai
Bible,Talmon
Bible,Tamah
Bible,Tamar
Bible,Tammuz
Bible,Tanach
Bible,Tanhumeth
Bible,Tappuah
Bible,Tarah
Bible,Taralah
Bible,Tarea
Bible,Tarpelites
Bible,Tarry
Bible,Tarshish
Bible,Tarsus
Bible,Tartak
Bible,Tartan
Bible,Tatnai
Bible,Tebah
Bible,Tebeth
Bible,Tehaphnehes
Bible,Tekoa
Bible,Tekoah
Bible,Tekoite
Bible,Tekoites
Bible,Telabib
Bible,Telah
Bible,Telaim
Bible,Telassar
Bible,Telem
Bible,Telharesha
Bible,Telharsa
Bible,Telmelah
Bible,Tema
Bible,Teman
Bible,Temani
Bible,Temanite
Bible,Temanites
Bible,Temeni
Bible,Terah
Bible,Teresh
Bible,Tertius
Bible,Tertullus
Bible,Testimony
Bible,Thaddaeus
Bible,Thahash
Bible,Thamah
Bible,Thamar
Bible,Thara
Bible,Tharshish
Bible,Thebez
Bible,Thelasar
Bible,Thessalonica
Bible,Thimnathah
Bible,Thomas
Bible,Thummim
Bible,Jeremiah
Bible,Judah
Bible,Thyatira
Bible,Tiberias
Bible,Tiberius Caesar
Bible,Tibhath
Bible,Tibni
Bible,Tidal
Bible,Tiglathpileser
Bible,Tikvah
Bible,Tikvath
Bible,Tilgathpilneser
Bible,Tilon
Bible,Timaeus
Bible,Timna
Bible,Timnah
Bible,Timnath
Bible,Timnathheres
Bible,Timnathserah
Bible,Timnite
Bible,Timon
Bible,Timotheus
Bible,Timothy
Bible,Tiphsah
Bible,Tiras
Bible,Tirathites
Bible,Tirhakah
Bible,Tirhanah
Bible,Tiria
Bible,Tirshatha
Bible,Tirzah
Bible,Tishbite
Bible,Titus
Bible,Tizite
Bible,Toah
Bible,Tob
Bible,Tobadonijah
Bible,Tobiah
Bible,Tobijah
Bible,Tochen
Bible,Togarmah
Bible,Tohu
Bible,Toi
Bible,Tola
Bible,Tolad
Bible,Tophel
Bible,Tophet
Bible,Topheth
Bible,Tou
Bible,Trachonitis
Bible,Troas
Bible,Trogyllium
Bible,Trophimus
Bible,Truth
Bible,Tryphosa
Bible,Tubal
Bible,Tubalcain
Bible,Tychicus
Bible,Tyre
Bible,Tyrus
Bible,Tyrus Nebuchadrezzar
Bible,UPHARSIN
Bible,Ucal
Bible,Uel
Bible,Ulai
Bible,Ulam
Bible,Ulla
Bible,Ummah
Bible,Unni
Bible,Abraham
Bible,Adam
Bible,Hebron
Bible,Shem
Bible,Timothy
Bible,Uphaz
Bible,Ur
Bible,Uri
Bible,Uriah
Bible,Urias
Bible,Uriel
Bible,Urijah
Bible,Urim
Bible,Uthai
Bible,Uz
Bible,Uzai
Bible,Uzal
Bible,Uzza
Bible,Uzzah
Bible,Uzzensherah
Bible,Uzzi
Bible,Uzziah
Bible,Uzziel
Bible,Vajezatha
Bible,Vaniah
Bible,Vashni
Bible,Vashti
Bible,Vengeance
Bible,Vophsi
Bible,Watchman
Bible,Joab
Bible,Saul
Bible,Hermon
Bible,Wisdom
Bible,Woman
Bible,Word
Bible,Wormwood
Bible,Worthy
Bible,Wot
Bible,Gileadites
Bible,Young
Bible,Zaanaim
Bible,Zaanan
Bible,Zaanannim
Bible,Zaavan
Bible,Zabad
Bible,Zabbai
Bible,Zabbud
Bible,Zabdi
Bible,Zabdiel
Bible,Zabulon
Bible,Zaccai
Bible,Zacchaeus
Bible,Zacchur
Bible,Zaccur
Bible,Zachariah
Bible,Zacharias
Bible,Zacher
Bible,Zadok
Bible,Zaham
Bible,Zair
Bible,Zalaph
Bible,Zalmon
Bible,Zalmonah
Bible,Zalmunna
Bible,Zamzummims
Bible,Zanoah
Bible,Zaphnathpaaneah
Bible,Zaphon
Bible,Zara
Bible,Zarah
Bible,Zareah
Bible,Zareathites
Bible,Zared
Bible,Zarephath
Bible,Zaretan
Bible,Zarethshahar
Bible,Zarhites
Bible,Zartanah
Bible,Zarthan
Bible,Zatthu
Bible,Zattu
Bible,Zavan
Bible,Zaza
Bible,Zebadiah
Bible,Zebah
Bible,Zebaim
Bible,Zebedee
Bible,Zebina
Bible,Zeboiim
Bible,Zeboim
Bible,Zebudah
Bible,Zebul
Bible,Zebulonite
Bible,Zebulun
Bible,Zechariah
Bible,Zedad
Bible,Zedekiah
Bible,Zeeb
Bible,Zelah
Bible,Zelophehad
Bible,Zelotes
Bible,Zelzah
Bible,Zemaraim
Bible,Zemarite
Bible,Zemira
Bible,Zenan
Bible,Zephaniah
Bible,Zephath
Bible,Zephathah
Bible,Zephi
Bible,Zepho
Bible,Zephon
Bible,Zer
Bible,Zerah
Bible,Zerahiah
Bible,Zered
Bible,Zereda
Bible,Zeredathah
Bible,Zererath
Bible,Zeresh
Bible,Zereth
Bible,Zeri
Bible,Zeror
Bible,Zeruah
Bible,Zerubbabel
Bible,Zeruiah
Bible,Zeruiah Joab
Bible,Zetham
Bible,Zethan
Bible,Zethar
Bible,Zia
Bible,Ziba
Bible,Zibeon
Bible,Zibia
Bible,Zibiah
Bible,Zichri
Bible,Ziddim
Bible,Zidkijah
Bible,Zidon
Bible,Zidonians
Bible,Zif
Bible,Ziha
Bible,Ziklag
Bible,Zillah
Bible,Zilpah
Bible,Zilpah Leah
Bible,Zilthai
Bible,Zimmah
Bible,Zimran
Bible,Zimri
Bible,Zin
Bible,Zina
Bible,Zion
Bible,Zior
Bible,Ziph
Bible,Ziphah
Bible,Ziphion
Bible,Ziphites
Bible,Ziphron
Bible,Zippor
Bible,Zipporah
Bible,Zithri
Bible,Ziz
Bible,Ziza
Bible,Zoan
Bible,Zoar
Bible,Zoba
Bible,Zobah
Bible,Zobebah
Bible,Zohar
Bible,Zoheleth
Bible,Zoheth
Bible,Zophah
Bible,Zophai
Bible,Zophim
Bible,Zorah
Bible,Zorathites
Bible,Zoreah
Bible,Zorites
Bible,Zorobabel
Bible,Zuar
Bible,Zuph
Bible,Zur
Bible,Zurishaddai
Bible,Zuzims
