Book,Entity
Quran,Abdullah
Quran,Adn
Quran,Aaron
Quran,Abba
Quran,Ability
Quran,Able
Quran,Abode
Quran,Abrahah
Quran,Abraham
Quran,Abrar
Quran,Abu Bakr
Quran,Abu Dhar
Quran,Abu Jahl
Quran,Abu Lahab
Quran,Accept
Quran,Account
Quran,AdDawab
Quran,Adam
Quran,Adha
Quran,Ahadith
Quran,Ahmad
Quran,Al-'Aziz
Quran,Al-Ahqaf
Quran,Al-Batil
Quran,Al-Fasad
Quran,Al-Fawahish
Quran,Al-Laghw
Quran,Al-Mihrab
Quran,Al-Muttaqun
Quran,Al-Qadar
Quran,Al-Qisas
Quran,Al-Yasa
Quran,AlAhzab
Quran,AlAmanah
Quran,AlBatil
Quran,AlFitnah
Quran,AlHikmah
Quran,AlLauh
Quran,AlMadinah
Quran,AlMiskin
Quran,AlMuhsinat
Quran,AlMushrikun
Quran,Alhamdu
Quran,AllAware
Quran,AllHearer
Quran,AllKnower
Quran,AllMighty
Quran,AllOmnipotent
Quran,AllSeer
Quran,AllWise
Quran,Allah
Quran,Allah All-Mighty
Quran,Allah Alone
Quran,Allah Best Aware
Quran,Allah Himself
Quran,Allah Islamic Monotheism
Quran,Allah Sufficient
Quran,Allah Who
Quran,Allahumma Minka
Quran,Always
Quran,Amanat
Quran,Ana
Quran,Ancient House
Quran,Angels
Quran,Ansar
Quran,Answer Allah
Quran,Anta
Quran,Antakiya
Quran,Antioch
Quran,Aorta
Quran,Ar-Rujz
Quran,ArRijs
Quran,Arab
Quran,Arabian Peninsula
Quran,Arabic
Quran,Arabic Quran
Quran,Arabs
Quran,As-Salat
Quran,As-Sunnah
Quran,AsSalamu
Quran,AsSalat
Quran,Ascent
Quran,Ashi
Quran,Ask Him
Quran,Assembling
Quran,Auliya
Quran,Aus
Quran,Avert
Quran,Avoid
Quran,Aware
Quran,Ayah
Quran,Ayat
Quran,Ayub
Quran,AzZihar
Quran,Azar
Quran,Azwajun Mutahharatun
Quran,Ba'l
Quran,Babylon
Quran,Badr
Quran,Bahirah
Quran,Bai
Quran,Bakkah
Quran,Balance
Quran,Bani
Quran,Bani Israel
Quran,Bani Qainuqa
Quran,Barzakh
Quran,Basirah
Quran,Batanah
Quran,Batil
Quran,Behold
Quran,Belief
Quran,Benjamin
Quran,Best Aware
Quran,Best Disposer
Quran,Best Knower
Quran,Best Names
Quran,Bestow
Quran,Bestow Hukman
Quran,Bestower
Quran,Bethlehem
Quran,Betray
Quran,Bismillah
Quran,Bitanah
Quran,Blessings
Quran,Blow
Quran,Book
Quran,Book Inscribed
Quran,Books
Quran,Bountiful
Quran,Bounty
Quran,Boy
Quran,Budn
Quran,Burhan
Quran,Cain
Quran,Caleb
Quran,Call
Quran,Caller
Quran,Cantar
Quran,Careful Account Taker
Quran,Cattle
Quran,Cause
Quran,Cause Fir'aun
Quran,Causer
Quran,Cave
Quran,Certainly Allah
Quran,Charity
Quran,Children
Quran,Christ
Quran,Christian
Quran,Christianity
Quran,Christians
Quran,Clear Book
Quran,Clouds
Quran,Command
Quran,Commandment
Quran,Commandment of Allah
Quran,Commandments
Quran,Commands
Quran,Companion
Quran,Companions
Quran,Compeller
Quran,Confederates
Quran,Courteous
Quran,Covenant
Quran,Creation
Quran,Creator
Quran,Curse
Quran,David
Quran,Dawud
Quran,Day of Gathering
Quran,Dead Sea
Quran,Decision
Quran,Decree
Quran,Decrees
Quran,Degrees
Quran,Delicate
Quran,Delight
Quran,Deluge
Quran,Deut
Quran,Devil
Quran,Dhikr
Quran,Dhikrukum
Quran,Dhul-Hijjah
Quran,Dirhams
Quran,Disposer
Quran,Divine
Quran,Divine Inspiration
Quran,Divine Preordainments
Quran,Divine Revelation
Quran,Divine Scriptures
Quran,Divinity
Quran,Diya
Quran,Eden
Quran,Eden Paradise
Quran,Egypt
Quran,Elias
Quran,Elisha
Quran,Enlightenment
Quran,Egypt
Quran,Paradise
Quran,Equality
Quran,Eternity
Quran,Exalted
Quran,Excellent Spreader
Quran,Ezra
Quran,Face
Quran,Fahisha
Quran,Fahishah
Quran,Fahsha
Quran,Fai
Quran,Faith
Quran,Fajarah
Quran,Fajr
Quran,Far
Quran,Far Exalted
Quran,Fariya
Quran,Fasiq
Quran,Fasiqin
Quran,Fasiqun
Quran,Fastawa
Quran,Fatila
Quran,Favours
Quran,Fidyah
Quran,Fiqh
Quran,Fir'aun
Quran,Firdaus
Quran,Fire
Quran,Fire of Hell
Quran,Fish
Quran,Fisq
Quran,Fisqun
Quran,Fitnah
Quran,Fitrah
Quran,Flight
Quran,Flood
Quran,Forgiveness
Quran,Fujjar
Quran,Fuqara
Quran,Gabriel
Quran,Gardens
Quran,Generous
Quran,Ghaib
Quran,Ghawin
Quran,Ghawun
Quran,Ghoul
Quran,Ghulul
Quran,Glorified
Quran,Glorious Quran
Quran,Glory
Quran,God
Quran,God Allah
Quran,Gog
Quran,Goliath
Quran,Good Pleasure
Quran,Goodness
Quran,Gospel
Quran,Grace
Quran,Graces
Quran,Gracious
Quran,Grand Quran
Quran,Great
Quran,Great Bounty
Quran,Great Throne
Quran,Greatest Signs
Quran,Greatness
Quran,Grip
Quran,Grower
Quran,Guardian
Quran,Guidance
Quran,Guide
Quran,Had Allah
Quran,Hady
Quran,Hafiz
Quran,Hafsah
Quran,Hajj
Quran,Halal
Quran,Ham
Quran,Haman
Quran,Hand
Quran,Hanifa
Quran,Haram
Quran,Hard
Quran,Harithah
Quran,Harun
Quran,Harut
Quran,Has Allah
Quran,Hasiban
Quran,Hasten
Quran,Hatred
Quran,Hawiyah
Quran,Hawwa
Quran,Heavy
Quran,Hell
Quran,Hell Fire
Quran,Help
Quran,Helper
Quran,Helpers
Quran,Hereafter
Quran,High
Quran,High Ranks
Quran,Hikmah
Quran,Him Alone
Quran,Hizb
Quran,Holy
Quran,Holy Books
Quran,Honour
Quran,Honours
Quran,Hour
Quran,Houris
Quran,House
Quran,Hud
Quran,Hukman
Quran,Hunain
Quran,Husban
Quran,Huwa
Quran,I'tikaf
Quran,Ibadi
Quran,Ibkar
Quran,Iblis
Quran,Iblis Satan
Quran,Ibn
Quran,Ibn Kathir
Quran,Ibrahim
Quran,Idris
Quran,Iesa
Quran,Ifrit
Quran,Ihram
Quran,Ihsan
Quran,Ilah
Quran,Ilahan
Quran,Iliyas
Quran,Ilyasin
Quran,Imam
Quran,Inheritors
Quran,Injeel
Quran,Insha
Quran,IqamatasSalat
Quran,Iraq
Quran,Irka
Quran,Irresistible
Quran,Isaiah
Quran,Ishaque
Quran,Ishmael
Quran,Ishraq
Quran,Islam
Quran,Israel
Quran,Israfil Sarafil
Quran,Ist
Quran,Istafziz
Quran,Istaqamu
Quran,Istaqim
Quran,Istawa
Quran,Jacob
Quran,Jalut
Quran,Jamarat
Quran,Janaba
Quran,Japheth
Quran,Jasadan
Quran,Jerusalem
Quran,Jesus
Quran,Jews
Quran,Jibrael
Quran,Jibt
Quran,Jihad
Quran,Jimalatun Sufr
Quran,Jizyah
Quran,John
Quran,Jonah
Quran,Jordan
Quran,Joseph
Quran,Joshua
Quran,Judaism
Quran,Judgement
Quran,Just Lord
Quran,Justice
Quran,Juyubihinna
Quran,Kabira
Quran,Kafarah
Quran,Kafirun
Quran,Kafur
Quran,Kalab
Quran,Katibin
Quran,Keeper
Quran,Khal
Quran,Khalah
Quran,Khalifah
Quran,Khalil
Quran,Khalq-illah
Quran,Khaulah
Quran,Khutbah
Quran,Kill Yusuf
Quran,Kind
Quran,Kindness
Quran,Kingdom
Quran,Knowledge
Quran,Korah
Quran,Kufr
Quran,Kursi
Quran,Kuwwirat
Quran,La ilaha ill-Allah 
Quran,Laghw
Quran,Law
Quran,Laws
Quran,Leave
Quran,Left Hand
Quran,Left Hand Who
Quran,Legal Laws
Quran,Libas
Quran,Light
Quran,Lillah
Quran,Lillahi
Quran,Little
Quran,Lord
Quran,Lord Allah
Quran,Lord Words
Quran,Lordship
Quran,Lot
Quran,Lout
Quran,Ludda
Quran,Luqman
Quran,Madyan
Quran,Maghrib
Quran,Magians
Quran,Magog
Quran,Mahin
Quran,Mahr
Quran,Mahrum
Quran,Majesty
Quran,Makhraj
Quran,Makkah
Quran,Man
Quran,Manasik
Quran,Manifest Truth
Quran,Maqam
Quran,Maqaman Mahmuda
Quran,Marut
Quran,Maryam
Quran,Masad
Quran,Masakin
Quran,Master
Quran,Maubiqa
Quran,Maula
Quran,Maulan
Quran,Mawalikum
Quran,Mawaqi
Quran,Maytatah
Quran,Me Alone
Quran,Merciful
Quran,Mercy
Quran,Message
Quran,Message of Allah
Quran,Messages
Quran,Messenger
Quran,Messenger Muhammad
Quran,Messengers
Quran,Messiah
Quran,Michael
Quran,Midian
Quran,Might
Quran,Mighty
Quran,Mighty Grace
Quran,Mighty Throne
Quran,Mihrab
Quran,Mikael
Quran,Mina
Quran,Mine
Quran,Mirrah
Quran,Miskin
Quran,Misr
Quran,Mithaq
Quran,Mohayminan
Quran,Monotheism
Quran,Moses
Quran,Mosques
Quran,Most Beneficent
Quran,Most Courteous
Quran,Most Generous
Quran,Most Great
Quran,Most High
Quran,Most Merciful
Quran,Most Ready
Quran,Most Strong
Quran,Most Subtle
Quran,Mount
Quran,Mount Judi
Quran,Mount Sinai
Quran,Mudghah
Quran,Mufsidun
Quran,Mughramun
Quran,Muhajirun
Quran,Muhammad
Quran,Muhitun
Quran,Muhsin
Quran,Muhsinun
Quran,Mujahidun
Quran,Mujrim
Quran,Mujrimun
Quran,Mukhbitin
Quran,Munafiqun
Quran,Munkar
Quran,Muqarrabun
Quran,Murtab
Quran,Musa
Quran,Mushrik
Quran,Mushrikah
Quran,Mushrikun
Quran,Muskrik
Quran,Muslim
Quran,Muslim Hanifa
Quran,Muslims
Quran,Musrif
Quran,Musrifun
Quran,Mutakallifun
Quran,Muttaqun
Quran,Mutual Meeting
Quran,Muzdalifah
Quran,Ayat
Quran,My House
Quran,My Knowledge
Quran,My Messages
Quran,My Messengers
Quran,My Permission
Quran,My Verses
Quran,My Will
Quran,Myself
Quran,Nadirah
Quran,Nadratan
Quran,Nafran
Quran,Nafs
Quran,Najasun
Quran,Najwa
Quran,Name
Quran,Names
Quran,Naqira
Quran,Nasr
Quran,Nawafil
Quran,Near
Quran,Nifaq
Quran,Noah
Quran,Noble Quran
Quran,Nufail
Quran,Nuh
Quran,Nun
Quran,Nushur
Quran,Nutfah
Quran,Allah
Quran,Children
Quran,Haman
Quran,Ibrahim
Quran,Messengers
Quran,Muhammad
Quran,Musa
Quran,Mushrik
Quran,Nuh
Quran,Prophet
Quran,Shu'aib
Quran,Obedience
Quran,Omnipotent
Quran,Oneness
Quran,Only Ruling Judge
Quran,Only Owner
Quran,Only God
Quran,Only True God
Quran,Ourselves
Quran,Owner
Quran,Owners of the Elephant
Quran,Paganism
Quran,Pages
Quran,Palestine
Quran,Paradise
Quran,Pardon
Quran,Party
Quran,Path
Quran,Paths
Quran,Patron
Quran,Peace
Quran,Permission
Quran,Pharaoh
Quran,Plan
Quran,Plan of Allah
Quran,Pleasure of Allah
Quran,Possessor
Quran,Power
Quran,Praise
Quran,Praises
Quran,Prison
Quran,Proofs
Quran,Prophet
Quran,Prophet Idrees
Quran,Prophet Lout
Quran,Prophet Muhammad
Quran,Prophet Muhammad Peace
Quran,Prophet Muhammad SAW
Quran,Prophet Salih
Quran,Prophet Shu'aib
Quran,Prophethood
Quran,Prophets
Quran,Psalms
Quran,Punishment
Quran,Punishment of Allah
Quran,Qabil
Quran,Qabiluhu
Quran,Qadar
Quran,Qadr
Quran,Qaf
Quran,Qanitin
Quran,Qarin
Quran,Qarun
Quran,Qasitun
Quran,Qasr
Quran,Qiblah
Quran,Qisas
Quran,Qitmir
Quran,Qittana
Quran,Qualities
Quran,Quick
Quran,Quraish
Quran,Quran
Quran,Rabbaniyun
Quran,Rajim
Quran,Ramadan
Quran,Ramy
Quran,Ran
Quran,Rass
Quran,Real Bestower
Quran,Real Lord
Quran,Reality
Quran,Recital
Quran,Reckoners
Quran,Reckoning
Quran,Recompense
Quran,Record
Quran,Religion
Quran,Reminder
Quran,Responsive
Quran,Resurrection
Quran,Retribution
Quran,Return
Quran,Revelation
Quran,Revelations
Quran,Reward
Quran,Riba
Quran,Rich
Quran,Right Hand
Quran,Right Path
Quran,Right Way
Quran,Rightful Estimate
Quran,Rijsun
Quran,Rijz
Quran,Rijzan
Quran,Risalah
Quran,Rivers
Quran,Rizqan Karima
Quran,Rizqun Karim
Quran,Romans
Quran,Rope
Quran,Ruh
Quran,Ruhan
Quran,Saba
Quran,Sabbath
Quran,Sabians
Quran,Sacred House
Quran,Sacred Month
Quran,Sacred Months
Quran,Sadan
Quran,Sadaqah
Quran,Sadaqat
Quran,Sakan
Quran,Sakinah
Quran,Salam
Quran,Salamu
Quran,Salamun
Quran,Salamun 'Alaikum
Quran,Salat
Quran,Salawat
Quran,Saleh
Quran,Salih
Quran,Salihun
Quran,Salman
Quran,Salman Al-Farisi
Quran,Salsabil
Quran,Salul
Quran,Samiri
Quran,Samuel
Quran,Sarh
Quran,Sarhan
Quran,Satan
Quran,Saul
Quran,Saum
Quran,Scripture
Quran,Scripture of Musa
Quran,Scriptures
Quran,Security
Quran,Seizure
Quran,Severe
Quran,Shaitan
Quran,Shakilatihi
Quran,Sham
Quran,Shawwal
Quran,Shayatin
Quran,Sheba
Quran,Shem
Quran,Shin
Quran,Shirk
Quran,Shuaib
Quran,Sibghah
Quran,Siddiqah
Quran,Siddiqun
Quran,Signs
Quran,Sijjil
Quran,Sijjin
Quran,Sirat
Quran,Sirius
Quran,Sodom
Quran,Solomon
Quran,Sovereignty
Quran,Spirit
Quran,Springs
Quran,Straight
Quran,Straight Path
Quran,Straight Way
Quran,Stronger
Quran,Subhan Allah
Quran,Subhanaka Allahumma
Quran,Suda
Quran,Sufficient
Quran,Sulaiman
Quran,Sunnah
Quran,Supporter
Quran,Supreme
Quran,Supreme Creator
Quran,Supreme Throne
Quran,Surah
Quran,Surat
Quran,Suwa
Quran,Swallow
Quran,Swift
Quran,Swiftest
Quran,Symbols
Quran,Syria
Quran,Tablets
Quran,Tabuk
Quran,Tabut
Quran,Tafseer Qurtubi
Quran,Tafsir
Quran,Tafsir Al-Qurtubi
Quran,Tafsir At-Tabari
Quran,Tafsir Ibn Kathir
Quran,Tafsir Qurtubi
Quran,Tagha
Quran,Taghun
Quran,Taghut
Quran,Tahajjud
Quran,Taiyibat
Quran,Takbir
Quran,Talut
Quran,Tambur
Quran,Taqwa
Quran,Tasnim
Quran,Tauhid
Quran,Taurah
Quran,Taurat
Quran,Tawaf
Quran,Tayammum
Quran,Term
Quran,Testimony
Quran,Thamud
Quran,Threat
Quran,Throne
Quran,Torah
Quran,True God
Quran,True King
Quran,True Monotheism
Quran,Truly
Quran,Trumpet
Quran,Trustee
Quran,Truth
Quran,Truthful
Quran,Tuba
Quran,Tubba
Quran,Tur
Quran,Tuwa
Quran,Ubai
Quran,Uhud
Quran,Ummah
Quran,Unto Him
Quran,Unzurna
Quran,Vast Mercy
Quran,Virgin Maryam
Quran,Wadd
Quran,Wakil
Quran,Wali
Quran,Walijah
Quran,Ward
Quran,Warnings
Quran,Wasat
Quran,Wasilah
Quran,Wasiya
Quran,Way
Quran,Wealth
Quran,Will
Quran,Wisdom
Quran,Wise Book
Quran,Wise Reminder
Quran,Witness
Quran,Wood
Quran,Word
Quran,Words
Quran,Work of Allah
Quran,Worship Allah
Quran,Worthy
Quran,Wrath
Quran,Ya'qub
Quran,Yaghuth
Quran,Yahya
Quran,Yathrib
Quran,Yemen
Quran,Your Might
Quran,Your Will
Quran,Yours
Quran,Yourself
Quran,Yunus
Quran,Yusha
Quran,Yusuf
Quran,Zabur
Quran,Zachariah
Quran,Zachariya
Quran,Zaid
Quran,Zakariya
Quran,Zakat
Quran,Zalim
Quran,Zalimun
Quran,Zanjabil
Quran,Zaqqum
Quran,Zawjain Ithnain
Quran,Zuhr
Quran,Zulm
Quran,good-doers
